{"cameraMode":{"drawMode":0,"name":"Shaded","section":"Shading Mode"},"sceneLighting":false,"audioPlay":false,"sceneViewState":{"m_AlwaysRefresh":false,"showFog":true,"showSkybox":true,"showFlares":true,"showImageEffects":true,"showParticleSystems":true,"showVisualEffectGraphs":true,"m_FxEnabled":true},"in2DMode":false,"pivot":{"x":-944.9982299804688,"y":-194.0084686279297,"z":110.86685180664063},"rotation":{"x":0.028324836865067483,"y":-0.5125706791877747,"z":0.016920918598771097,"w":0.8580114245414734},"size":29.083580017089845,"orthographic":false}