{"cameraMode":{"drawMode":0,"name":"Shaded","section":"Shading Mode"},"sceneLighting":false,"audioPlay":false,"sceneViewState":{"m_AlwaysRefresh":false,"showFog":true,"showSkybox":true,"showFlares":true,"showImageEffects":true,"showParticleSystems":true,"showVisualEffectGraphs":true,"m_FxEnabled":true},"in2DMode":false,"pivot":{"x":572.5491943359375,"y":232.08673095703126,"z":0.35277557373046877},"rotation":{"x":-0.026995709165930749,"y":-0.018112825229763986,"z":0.0004464350058697164,"w":-0.9996073246002197},"size":247.3633270263672,"orthographic":false}